dataset,model,method,method_display,video_class,video_name,runtime_seconds
EtriActivity3D,TANet,3D-Kernel-SHAP-NEW,3D-Kernel-SHAP,0,A001_P046_G002_C001.mp4,449.5406892299652
EtriActivity3D,TANet,3D-Kernel-SHAP-NEW,3D-Kernel-SHAP,1,A002_P065_G001_C001.mp4,449.08959126472473
EtriActivity3D,TANet,3D-Kernel-SHAP-NEW,3D-Kernel-SHAP,1,A002_P096_G003_C004.mp4,449.3612039089203
EtriActivity3D,TANet,3D-Kernel-SHAP-NEW,3D-Kernel-SHAP,13,A014_P015_G003_C001.mp4,449.9273838996887
EtriActivity3D,TANet,3D-Kernel-SHAP-NEW,3D-Kernel-SHAP,14,A015_P013_G002_C008.mp4,450.4835262298584
EtriActivity3D,TANet,3D-Kernel-SHAP-NEW,3D-Kernel-SHAP,14,A015_P035_G002_C004.mp4,451.06445360183716
EtriActivity3D,TANet,3D-Kernel-SHAP-NEW,3D-Kernel-SHAP,15,A016_P021_G002_C006.mp4,447.0577757358551
EtriActivity3D,TANet,3D-Kernel-SHAP-NEW,3D-Kernel-SHAP,15,A016_P021_G003_C008.mp4,447.9444577693939
EtriActivity3D,TANet,3D-Kernel-SHAP-NEW,3D-Kernel-SHAP,16,A017_P063_G002_C002.mp4,445.7939953804016
EtriActivity3D,TANet,3D-Kernel-SHAP-NEW,3D-Kernel-SHAP,16,A017_P082_G002_C003.mp4,444.877117395401
EtriActivity3D,TANet,3D-Kernel-SHAP-NEW,3D-Kernel-SHAP,17,A018_P015_G002_C002.mp4,445.71285343170166
EtriActivity3D,TANet,3D-Kernel-SHAP-NEW,3D-Kernel-SHAP,18,A019_P015_G002_C008.mp4,445.25471115112305
EtriActivity3D,TANet,3D-Kernel-SHAP-NEW,3D-Kernel-SHAP,20,A021_P066_G004_C008.mp4,446.77058959007263
EtriActivity3D,TANet,3D-Kernel-SHAP-NEW,3D-Kernel-SHAP,22,A023_P072_G001_C007.mp4,448.7190058231354
EtriActivity3D,TANet,3D-Kernel-SHAP-NEW,3D-Kernel-SHAP,25,A026_P032_G002_C008.mp4,450.7949175834656
EtriActivity3D,TANet,3D-Kernel-SHAP-NEW,3D-Kernel-SHAP,26,A027_P004_G001_C006.mp4,449.40682101249695
EtriActivity3D,TANet,3D-Kernel-SHAP-NEW,3D-Kernel-SHAP,3,A004_P046_G003_C005.mp4,450.08249282836914
EtriActivity3D,TANet,3D-Kernel-SHAP-NEW,3D-Kernel-SHAP,31,A032_P020_G001_C004.mp4,451.19850182533264
EtriActivity3D,TANet,3D-Kernel-SHAP-NEW,3D-Kernel-SHAP,40,A041_P082_G001_C007.mp4,450.73231840133667
EtriActivity3D,TANet,3D-Kernel-SHAP-NEW,3D-Kernel-SHAP,41,A042_P020_G003_C006.mp4,451.0732843875885
EtriActivity3D,TANet,3D-Kernel-SHAP-NEW,3D-Kernel-SHAP,41,A042_P022_G003_C001.mp4,451.8478088378906
EtriActivity3D,TANet,3D-Kernel-SHAP-NEW,3D-Kernel-SHAP,42,A043_P015_G003_C002.mp4,452.59912395477295
EtriActivity3D,TANet,3D-Kernel-SHAP-NEW,3D-Kernel-SHAP,42,A043_P082_G002_C006.mp4,450.6273157596588
EtriActivity3D,TANet,3D-Kernel-SHAP-NEW,3D-Kernel-SHAP,43,A044_P016_G001_C008.mp4,449.39428782463074
EtriActivity3D,TANet,3D-Kernel-SHAP-NEW,3D-Kernel-SHAP,46,A047_P021_G002_C001.mp4,449.8763942718506
EtriActivity3D,TANet,3D-Kernel-SHAP-NEW,3D-Kernel-SHAP,46,A047_P096_G001_C004.mp4,449.4186546802521
EtriActivity3D,TANet,3D-Kernel-SHAP-NEW,3D-Kernel-SHAP,47,A048_P035_G001_C003.mp4,450.89799761772156
EtriActivity3D,TANet,3D-Kernel-SHAP-NEW,3D-Kernel-SHAP,50,A051_P082_G001_C006.mp4,448.35921597480774
EtriActivity3D,TANet,3D-Kernel-SHAP-NEW,3D-Kernel-SHAP,54,A055_P035_G001_C006.mp4,447.61905431747437
EtriActivity3D,TANet,3D-Kernel-SHAP-NEW,3D-Kernel-SHAP,7,A008_P072_G002_C002.mp4,448.9809527397156
EtriActivity3D,TANet,3D-LIME-NEW,3D-LIME,0,A001_P046_G002_C001.mp4,441.6273868083954
EtriActivity3D,TANet,3D-LIME-NEW,3D-LIME,1,A002_P065_G001_C001.mp4,443.6196150779724
EtriActivity3D,TANet,3D-LIME-NEW,3D-LIME,1,A002_P096_G003_C004.mp4,442.83339738845825
EtriActivity3D,TANet,3D-LIME-NEW,3D-LIME,13,A014_P015_G003_C001.mp4,443.06826615333557
EtriActivity3D,TANet,3D-LIME-NEW,3D-LIME,14,A015_P013_G002_C008.mp4,443.5079233646393
EtriActivity3D,TANet,3D-LIME-NEW,3D-LIME,14,A015_P035_G002_C004.mp4,444.02675223350525
EtriActivity3D,TANet,3D-LIME-NEW,3D-LIME,15,A016_P021_G002_C006.mp4,440.7634000778198
EtriActivity3D,TANet,3D-LIME-NEW,3D-LIME,15,A016_P021_G003_C008.mp4,440.60296750068665
EtriActivity3D,TANet,3D-LIME-NEW,3D-LIME,16,A017_P063_G002_C002.mp4,439.067839384079
EtriActivity3D,TANet,3D-LIME-NEW,3D-LIME,16,A017_P082_G002_C003.mp4,438.16860008239746
EtriActivity3D,TANet,3D-LIME-NEW,3D-LIME,17,A018_P015_G002_C002.mp4,437.96754932403564
EtriActivity3D,TANet,3D-LIME-NEW,3D-LIME,18,A019_P015_G002_C008.mp4,438.56400966644287
EtriActivity3D,TANet,3D-LIME-NEW,3D-LIME,20,A021_P066_G004_C008.mp4,441.83054304122925
EtriActivity3D,TANet,3D-LIME-NEW,3D-LIME,22,A023_P072_G001_C007.mp4,442.78496384620667
EtriActivity3D,TANet,3D-LIME-NEW,3D-LIME,25,A026_P032_G002_C008.mp4,444.1043920516968
EtriActivity3D,TANet,3D-LIME-NEW,3D-LIME,26,A027_P004_G001_C006.mp4,443.7344467639923
EtriActivity3D,TANet,3D-LIME-NEW,3D-LIME,3,A004_P046_G003_C005.mp4,443.4951753616333
EtriActivity3D,TANet,3D-LIME-NEW,3D-LIME,31,A032_P020_G001_C004.mp4,444.64788031578064
EtriActivity3D,TANet,3D-LIME-NEW,3D-LIME,40,A041_P082_G001_C007.mp4,443.10301661491394
EtriActivity3D,TANet,3D-LIME-NEW,3D-LIME,41,A042_P020_G003_C006.mp4,444.9110314846039
EtriActivity3D,TANet,3D-LIME-NEW,3D-LIME,41,A042_P022_G003_C001.mp4,444.9182906150818
EtriActivity3D,TANet,3D-LIME-NEW,3D-LIME,42,A043_P015_G003_C002.mp4,445.7034339904785
EtriActivity3D,TANet,3D-LIME-NEW,3D-LIME,42,A043_P082_G002_C006.mp4,444.14591789245605
EtriActivity3D,TANet,3D-LIME-NEW,3D-LIME,43,A044_P016_G001_C008.mp4,443.75094771385193
EtriActivity3D,TANet,3D-LIME-NEW,3D-LIME,46,A047_P021_G002_C001.mp4,441.999427318573
EtriActivity3D,TANet,3D-LIME-NEW,3D-LIME,46,A047_P096_G001_C004.mp4,443.08267164230347
EtriActivity3D,TANet,3D-LIME-NEW,3D-LIME,47,A048_P035_G001_C003.mp4,444.33242440223694
EtriActivity3D,TANet,3D-LIME-NEW,3D-LIME,50,A051_P082_G001_C006.mp4,442.19895792007446
EtriActivity3D,TANet,3D-LIME-NEW,3D-LIME,54,A055_P035_G001_C006.mp4,441.15137457847595
EtriActivity3D,TANet,3D-LIME-NEW,3D-LIME,7,A008_P072_G002_C002.mp4,442.8007628917694
EtriActivity3D,TANet,3D-RISE-NEW,3D-RISE,0,A001_P046_G002_C001.mp4,439.4436273574829
EtriActivity3D,TANet,3D-RISE-NEW,3D-RISE,1,A002_P065_G001_C001.mp4,441.17909812927246
EtriActivity3D,TANet,3D-RISE-NEW,3D-RISE,1,A002_P096_G003_C004.mp4,439.55948305130005
EtriActivity3D,TANet,3D-RISE-NEW,3D-RISE,13,A014_P015_G003_C001.mp4,442.9605164527893
EtriActivity3D,TANet,3D-RISE-NEW,3D-RISE,14,A015_P013_G002_C008.mp4,441.03188705444336
EtriActivity3D,TANet,3D-RISE-NEW,3D-RISE,14,A015_P035_G002_C004.mp4,442.06440806388855
EtriActivity3D,TANet,3D-RISE-NEW,3D-RISE,15,A016_P021_G002_C006.mp4,437.4520926475525
EtriActivity3D,TANet,3D-RISE-NEW,3D-RISE,15,A016_P021_G003_C008.mp4,437.65197372436523
EtriActivity3D,TANet,3D-RISE-NEW,3D-RISE,16,A017_P063_G002_C002.mp4,435.3975787162781
EtriActivity3D,TANet,3D-RISE-NEW,3D-RISE,16,A017_P082_G002_C003.mp4,435.37883400917053
EtriActivity3D,TANet,3D-RISE-NEW,3D-RISE,17,A018_P015_G002_C002.mp4,434.8274493217468
EtriActivity3D,TANet,3D-RISE-NEW,3D-RISE,18,A019_P015_G002_C008.mp4,444.39009189605713
EtriActivity3D,TANet,3D-RISE-NEW,3D-RISE,20,A021_P066_G004_C008.mp4,438.4665777683258
EtriActivity3D,TANet,3D-RISE-NEW,3D-RISE,22,A023_P072_G001_C007.mp4,440.0679380893707
EtriActivity3D,TANet,3D-RISE-NEW,3D-RISE,25,A026_P032_G002_C008.mp4,441.44862246513367
EtriActivity3D,TANet,3D-RISE-NEW,3D-RISE,26,A027_P004_G001_C006.mp4,441.08507323265076
EtriActivity3D,TANet,3D-RISE-NEW,3D-RISE,3,A004_P046_G003_C005.mp4,440.23909068107605
EtriActivity3D,TANet,3D-RISE-NEW,3D-RISE,31,A032_P020_G001_C004.mp4,442.72713923454285
EtriActivity3D,TANet,3D-RISE-NEW,3D-RISE,40,A041_P082_G001_C007.mp4,441.6733400821686
EtriActivity3D,TANet,3D-RISE-NEW,3D-RISE,41,A042_P020_G003_C006.mp4,442.84919142723083
EtriActivity3D,TANet,3D-RISE-NEW,3D-RISE,41,A042_P022_G003_C001.mp4,442.2659480571747
EtriActivity3D,TANet,3D-RISE-NEW,3D-RISE,42,A043_P015_G003_C002.mp4,442.6958918571472
EtriActivity3D,TANet,3D-RISE-NEW,3D-RISE,42,A043_P082_G002_C006.mp4,441.1839668750763
EtriActivity3D,TANet,3D-RISE-NEW,3D-RISE,43,A044_P016_G001_C008.mp4,440.4188895225525
EtriActivity3D,TANet,3D-RISE-NEW,3D-RISE,46,A047_P021_G002_C001.mp4,440.905234336853
EtriActivity3D,TANet,3D-RISE-NEW,3D-RISE,46,A047_P096_G001_C004.mp4,440.74456334114075
EtriActivity3D,TANet,3D-RISE-NEW,3D-RISE,47,A048_P035_G001_C003.mp4,439.5869450569153
EtriActivity3D,TANet,3D-RISE-NEW,3D-RISE,50,A051_P082_G001_C006.mp4,439.3701457977295
EtriActivity3D,TANet,3D-RISE-NEW,3D-RISE,54,A055_P035_G001_C006.mp4,438.2337906360626
EtriActivity3D,TANet,3D-RISE-NEW,3D-RISE,7,A008_P072_G002_C002.mp4,438.72678565979004
EtriActivity3D,TANet,3D-Sampled-Occl-Sens-NEW,3D-Sampled-Occl-Sens,0,A001_P046_G002_C001.mp4,473.8248190879822
EtriActivity3D,TANet,3D-Sampled-Occl-Sens-NEW,3D-Sampled-Occl-Sens,1,A002_P065_G001_C001.mp4,474.6191155910492
EtriActivity3D,TANet,3D-Sampled-Occl-Sens-NEW,3D-Sampled-Occl-Sens,1,A002_P096_G003_C004.mp4,474.5183811187744
EtriActivity3D,TANet,3D-Sampled-Occl-Sens-NEW,3D-Sampled-Occl-Sens,13,A014_P015_G003_C001.mp4,475.92266726493835
EtriActivity3D,TANet,3D-Sampled-Occl-Sens-NEW,3D-Sampled-Occl-Sens,14,A015_P013_G002_C008.mp4,474.2784698009491
EtriActivity3D,TANet,3D-Sampled-Occl-Sens-NEW,3D-Sampled-Occl-Sens,14,A015_P035_G002_C004.mp4,471.77866530418396
EtriActivity3D,TANet,3D-Sampled-Occl-Sens-NEW,3D-Sampled-Occl-Sens,15,A016_P021_G002_C006.mp4,471.3078279495239
EtriActivity3D,TANet,3D-Sampled-Occl-Sens-NEW,3D-Sampled-Occl-Sens,15,A016_P021_G003_C008.mp4,470.48070907592773
EtriActivity3D,TANet,3D-Sampled-Occl-Sens-NEW,3D-Sampled-Occl-Sens,16,A017_P063_G002_C002.mp4,469.82403016090393
EtriActivity3D,TANet,3D-Sampled-Occl-Sens-NEW,3D-Sampled-Occl-Sens,16,A017_P082_G002_C003.mp4,469.3963906764984
EtriActivity3D,TANet,3D-Sampled-Occl-Sens-NEW,3D-Sampled-Occl-Sens,17,A018_P015_G002_C002.mp4,469.73600602149963
EtriActivity3D,TANet,3D-Sampled-Occl-Sens-NEW,3D-Sampled-Occl-Sens,18,A019_P015_G002_C008.mp4,473.84000539779663
EtriActivity3D,TANet,3D-Sampled-Occl-Sens-NEW,3D-Sampled-Occl-Sens,20,A021_P066_G004_C008.mp4,474.1155984401703
EtriActivity3D,TANet,3D-Sampled-Occl-Sens-NEW,3D-Sampled-Occl-Sens,22,A023_P072_G001_C007.mp4,474.84052753448486
EtriActivity3D,TANet,3D-Sampled-Occl-Sens-NEW,3D-Sampled-Occl-Sens,25,A026_P032_G002_C008.mp4,475.3823800086975
EtriActivity3D,TANet,3D-Sampled-Occl-Sens-NEW,3D-Sampled-Occl-Sens,26,A027_P004_G001_C006.mp4,475.11600255966187
EtriActivity3D,TANet,3D-Sampled-Occl-Sens-NEW,3D-Sampled-Occl-Sens,3,A004_P046_G003_C005.mp4,474.8644609451294
EtriActivity3D,TANet,3D-Sampled-Occl-Sens-NEW,3D-Sampled-Occl-Sens,31,A032_P020_G001_C004.mp4,475.696852684021
EtriActivity3D,TANet,3D-Sampled-Occl-Sens-NEW,3D-Sampled-Occl-Sens,40,A041_P082_G001_C007.mp4,474.8419828414917
EtriActivity3D,TANet,3D-Sampled-Occl-Sens-NEW,3D-Sampled-Occl-Sens,41,A042_P020_G003_C006.mp4,475.98176765441895
EtriActivity3D,TANet,3D-Sampled-Occl-Sens-NEW,3D-Sampled-Occl-Sens,41,A042_P022_G003_C001.mp4,475.76662850379944
EtriActivity3D,TANet,3D-Sampled-Occl-Sens-NEW,3D-Sampled-Occl-Sens,42,A043_P015_G003_C002.mp4,475.7510766983032
EtriActivity3D,TANet,3D-Sampled-Occl-Sens-NEW,3D-Sampled-Occl-Sens,42,A043_P082_G002_C006.mp4,475.3964533805847
EtriActivity3D,TANet,3D-Sampled-Occl-Sens-NEW,3D-Sampled-Occl-Sens,43,A044_P016_G001_C008.mp4,474.48707461357117
EtriActivity3D,TANet,3D-Sampled-Occl-Sens-NEW,3D-Sampled-Occl-Sens,46,A047_P021_G002_C001.mp4,474.2520561218262
EtriActivity3D,TANet,3D-Sampled-Occl-Sens-NEW,3D-Sampled-Occl-Sens,46,A047_P096_G001_C004.mp4,474.4940390586853
EtriActivity3D,TANet,3D-Sampled-Occl-Sens-NEW,3D-Sampled-Occl-Sens,47,A048_P035_G001_C003.mp4,473.8622522354126
EtriActivity3D,TANet,3D-Sampled-Occl-Sens-NEW,3D-Sampled-Occl-Sens,50,A051_P082_G001_C006.mp4,472.76102900505066
EtriActivity3D,TANet,3D-Sampled-Occl-Sens-NEW,3D-Sampled-Occl-Sens,54,A055_P035_G001_C006.mp4,472.55166578292847
EtriActivity3D,TANet,3D-Sampled-Occl-Sens-NEW,3D-Sampled-Occl-Sens,7,A008_P072_G002_C002.mp4,472.6716525554657
EtriActivity3D,TANet,LV-LOCO-NEW,LV-LOCO,0,A001_P046_G002_C001.mp4,99.36667394638062
EtriActivity3D,TANet,LV-LOCO-NEW,LV-LOCO,1,A002_P065_G001_C001.mp4,97.78991556167603
EtriActivity3D,TANet,LV-LOCO-NEW,LV-LOCO,1,A002_P096_G003_C004.mp4,100.28056979179382
EtriActivity3D,TANet,LV-LOCO-NEW,LV-LOCO,13,A014_P015_G003_C001.mp4,97.65282392501831
EtriActivity3D,TANet,LV-LOCO-NEW,LV-LOCO,14,A015_P013_G002_C008.mp4,97.21337532997131
EtriActivity3D,TANet,LV-LOCO-NEW,LV-LOCO,14,A015_P035_G002_C004.mp4,102.91830110549927
EtriActivity3D,TANet,LV-LOCO-NEW,LV-LOCO,15,A016_P021_G002_C006.mp4,102.9433901309967
EtriActivity3D,TANet,LV-LOCO-NEW,LV-LOCO,15,A016_P021_G003_C008.mp4,100.89030861854553
EtriActivity3D,TANet,LV-LOCO-NEW,LV-LOCO,16,A017_P063_G002_C002.mp4,100.04894995689392
EtriActivity3D,TANet,LV-LOCO-NEW,LV-LOCO,16,A017_P082_G002_C003.mp4,100.9489438533783
EtriActivity3D,TANet,LV-LOCO-NEW,LV-LOCO,17,A018_P015_G002_C002.mp4,98.56281661987305
EtriActivity3D,TANet,LV-LOCO-NEW,LV-LOCO,18,A019_P015_G002_C008.mp4,98.7981584072113
EtriActivity3D,TANet,LV-LOCO-NEW,LV-LOCO,20,A021_P066_G004_C008.mp4,68.37145662307739
EtriActivity3D,TANet,LV-LOCO-NEW,LV-LOCO,22,A023_P072_G001_C007.mp4,97.25080919265747
EtriActivity3D,TANet,LV-LOCO-NEW,LV-LOCO,25,A026_P032_G002_C008.mp4,99.96538949012756
EtriActivity3D,TANet,LV-LOCO-NEW,LV-LOCO,26,A027_P004_G001_C006.mp4,98.1157774925232
EtriActivity3D,TANet,LV-LOCO-NEW,LV-LOCO,3,A004_P046_G003_C005.mp4,96.28678178787231
EtriActivity3D,TANet,LV-LOCO-NEW,LV-LOCO,31,A032_P020_G001_C004.mp4,101.92702889442444
EtriActivity3D,TANet,LV-LOCO-NEW,LV-LOCO,40,A041_P082_G001_C007.mp4,98.68143486976624
EtriActivity3D,TANet,LV-LOCO-NEW,LV-LOCO,41,A042_P020_G003_C006.mp4,92.4609797000885
EtriActivity3D,TANet,LV-LOCO-NEW,LV-LOCO,41,A042_P022_G003_C001.mp4,98.56691670417786
EtriActivity3D,TANet,LV-LOCO-NEW,LV-LOCO,42,A043_P015_G003_C002.mp4,101.3912193775177
EtriActivity3D,TANet,LV-LOCO-NEW,LV-LOCO,42,A043_P082_G002_C006.mp4,101.37372994422913
EtriActivity3D,TANet,LV-LOCO-NEW,LV-LOCO,43,A044_P016_G001_C008.mp4,78.0264720916748
EtriActivity3D,TANet,LV-LOCO-NEW,LV-LOCO,46,A047_P021_G002_C001.mp4,95.50283932685852
EtriActivity3D,TANet,LV-LOCO-NEW,LV-LOCO,46,A047_P096_G001_C004.mp4,96.81513047218323
EtriActivity3D,TANet,LV-LOCO-NEW,LV-LOCO,47,A048_P035_G001_C003.mp4,95.23516416549683
EtriActivity3D,TANet,LV-LOCO-NEW,LV-LOCO,50,A051_P082_G001_C006.mp4,101.92375612258911
EtriActivity3D,TANet,LV-LOCO-NEW,LV-LOCO,54,A055_P035_G001_C006.mp4,96.43434834480286
EtriActivity3D,TANet,LV-LOCO-NEW,LV-LOCO,7,A008_P072_G002_C002.mp4,99.7354986667633
EtriActivity3D,TANet,LV-Univ-Pred-NEW,LV-Univ-Pred,0,A001_P046_G002_C001.mp4,98.81504607200623
EtriActivity3D,TANet,LV-Univ-Pred-NEW,LV-Univ-Pred,1,A002_P065_G001_C001.mp4,97.25347685813904
EtriActivity3D,TANet,LV-Univ-Pred-NEW,LV-Univ-Pred,1,A002_P096_G003_C004.mp4,100.01320457458496
EtriActivity3D,TANet,LV-Univ-Pred-NEW,LV-Univ-Pred,13,A014_P015_G003_C001.mp4,97.67231845855713
EtriActivity3D,TANet,LV-Univ-Pred-NEW,LV-Univ-Pred,14,A015_P013_G002_C008.mp4,96.99771165847778
EtriActivity3D,TANet,LV-Univ-Pred-NEW,LV-Univ-Pred,14,A015_P035_G002_C004.mp4,102.79653835296631
EtriActivity3D,TANet,LV-Univ-Pred-NEW,LV-Univ-Pred,15,A016_P021_G002_C006.mp4,102.5835587978363
EtriActivity3D,TANet,LV-Univ-Pred-NEW,LV-Univ-Pred,15,A016_P021_G003_C008.mp4,100.01745915412903
EtriActivity3D,TANet,LV-Univ-Pred-NEW,LV-Univ-Pred,16,A017_P063_G002_C002.mp4,100.21710562705994
EtriActivity3D,TANet,LV-Univ-Pred-NEW,LV-Univ-Pred,16,A017_P082_G002_C003.mp4,100.61017346382141
EtriActivity3D,TANet,LV-Univ-Pred-NEW,LV-Univ-Pred,17,A018_P015_G002_C002.mp4,97.94063878059387
EtriActivity3D,TANet,LV-Univ-Pred-NEW,LV-Univ-Pred,18,A019_P015_G002_C008.mp4,98.67286276817322
EtriActivity3D,TANet,LV-Univ-Pred-NEW,LV-Univ-Pred,20,A021_P066_G004_C008.mp4,68.06093454360962
EtriActivity3D,TANet,LV-Univ-Pred-NEW,LV-Univ-Pred,22,A023_P072_G001_C007.mp4,97.1355631351471
EtriActivity3D,TANet,LV-Univ-Pred-NEW,LV-Univ-Pred,25,A026_P032_G002_C008.mp4,99.50874733924866
EtriActivity3D,TANet,LV-Univ-Pred-NEW,LV-Univ-Pred,26,A027_P004_G001_C006.mp4,97.80885744094849
EtriActivity3D,TANet,LV-Univ-Pred-NEW,LV-Univ-Pred,3,A004_P046_G003_C005.mp4,96.04999494552612
EtriActivity3D,TANet,LV-Univ-Pred-NEW,LV-Univ-Pred,31,A032_P020_G001_C004.mp4,101.71614384651184
EtriActivity3D,TANet,LV-Univ-Pred-NEW,LV-Univ-Pred,40,A041_P082_G001_C007.mp4,98.63145565986633
EtriActivity3D,TANet,LV-Univ-Pred-NEW,LV-Univ-Pred,41,A042_P020_G003_C006.mp4,92.32416558265686
EtriActivity3D,TANet,LV-Univ-Pred-NEW,LV-Univ-Pred,41,A042_P022_G003_C001.mp4,98.33082222938538
EtriActivity3D,TANet,LV-Univ-Pred-NEW,LV-Univ-Pred,42,A043_P015_G003_C002.mp4,101.43948912620544
EtriActivity3D,TANet,LV-Univ-Pred-NEW,LV-Univ-Pred,42,A043_P082_G002_C006.mp4,100.96087861061096
EtriActivity3D,TANet,LV-Univ-Pred-NEW,LV-Univ-Pred,43,A044_P016_G001_C008.mp4,77.75579786300659
EtriActivity3D,TANet,LV-Univ-Pred-NEW,LV-Univ-Pred,46,A047_P021_G002_C001.mp4,95.18859696388245
EtriActivity3D,TANet,LV-Univ-Pred-NEW,LV-Univ-Pred,46,A047_P096_G001_C004.mp4,96.58804178237915
EtriActivity3D,TANet,LV-Univ-Pred-NEW,LV-Univ-Pred,47,A048_P035_G001_C003.mp4,94.9415283203125
EtriActivity3D,TANet,LV-Univ-Pred-NEW,LV-Univ-Pred,50,A051_P082_G001_C006.mp4,101.45994281768799
EtriActivity3D,TANet,LV-Univ-Pred-NEW,LV-Univ-Pred,54,A055_P035_G001_C006.mp4,95.92841911315918
EtriActivity3D,TANet,LV-Univ-Pred-NEW,LV-Univ-Pred,7,A008_P072_G002_C002.mp4,99.16651797294617
EtriActivity3D,TANet,SaliencyTubes,SaliencyTubes,0,A001_P046_G002_C001.mp4,1.3979051113128662
EtriActivity3D,TANet,SaliencyTubes,SaliencyTubes,1,A002_P065_G001_C001.mp4,1.8968238830566406
EtriActivity3D,TANet,SaliencyTubes,SaliencyTubes,1,A002_P096_G003_C004.mp4,1.4696717262268066
EtriActivity3D,TANet,SaliencyTubes,SaliencyTubes,13,A014_P015_G003_C001.mp4,2.597994804382324
EtriActivity3D,TANet,SaliencyTubes,SaliencyTubes,14,A015_P013_G002_C008.mp4,1.4549839496612549
EtriActivity3D,TANet,SaliencyTubes,SaliencyTubes,14,A015_P035_G002_C004.mp4,2.400144577026367
EtriActivity3D,TANet,SaliencyTubes,SaliencyTubes,15,A016_P021_G002_C006.mp4,2.539435625076294
EtriActivity3D,TANet,SaliencyTubes,SaliencyTubes,15,A016_P021_G003_C008.mp4,2.552297830581665
EtriActivity3D,TANet,SaliencyTubes,SaliencyTubes,16,A017_P063_G002_C002.mp4,1.9618427753448486
EtriActivity3D,TANet,SaliencyTubes,SaliencyTubes,16,A017_P082_G002_C003.mp4,2.085763931274414
EtriActivity3D,TANet,SaliencyTubes,SaliencyTubes,17,A018_P015_G002_C002.mp4,1.6141705513000488
EtriActivity3D,TANet,SaliencyTubes,SaliencyTubes,18,A019_P015_G002_C008.mp4,1.1673953533172607
EtriActivity3D,TANet,SaliencyTubes,SaliencyTubes,20,A021_P066_G004_C008.mp4,1.0807812213897705
EtriActivity3D,TANet,SaliencyTubes,SaliencyTubes,22,A023_P072_G001_C007.mp4,2.175074338912964
EtriActivity3D,TANet,SaliencyTubes,SaliencyTubes,25,A026_P032_G002_C008.mp4,2.2186150550842285
EtriActivity3D,TANet,SaliencyTubes,SaliencyTubes,26,A027_P004_G001_C006.mp4,1.6881909370422363
EtriActivity3D,TANet,SaliencyTubes,SaliencyTubes,3,A004_P046_G003_C005.mp4,1.7817275524139404
EtriActivity3D,TANet,SaliencyTubes,SaliencyTubes,31,A032_P020_G001_C004.mp4,2.5762715339660645
EtriActivity3D,TANet,SaliencyTubes,SaliencyTubes,40,A041_P082_G001_C007.mp4,1.7458741664886475
EtriActivity3D,TANet,SaliencyTubes,SaliencyTubes,41,A042_P020_G003_C006.mp4,2.6713924407958984
EtriActivity3D,TANet,SaliencyTubes,SaliencyTubes,41,A042_P022_G003_C001.mp4,2.3694987297058105
EtriActivity3D,TANet,SaliencyTubes,SaliencyTubes,42,A043_P015_G003_C002.mp4,2.5984575748443604
EtriActivity3D,TANet,SaliencyTubes,SaliencyTubes,42,A043_P082_G002_C006.mp4,1.942945957183838
EtriActivity3D,TANet,SaliencyTubes,SaliencyTubes,43,A044_P016_G001_C008.mp4,0.8767404556274414
EtriActivity3D,TANet,SaliencyTubes,SaliencyTubes,46,A047_P021_G002_C001.mp4,0.7968349456787109
EtriActivity3D,TANet,SaliencyTubes,SaliencyTubes,46,A047_P096_G001_C004.mp4,0.8271737098693848
EtriActivity3D,TANet,SaliencyTubes,SaliencyTubes,47,A048_P035_G001_C003.mp4,2.010246992111206
EtriActivity3D,TANet,SaliencyTubes,SaliencyTubes,50,A051_P082_G001_C006.mp4,1.5089962482452393
EtriActivity3D,TANet,SaliencyTubes,SaliencyTubes,54,A055_P035_G001_C006.mp4,0.8366827964782715
EtriActivity3D,TANet,SaliencyTubes,SaliencyTubes,7,A008_P072_G002_C002.mp4,1.291280746459961
EtriActivity3D,TANet,AOSA,AOSA,0,A001_P046_G002_C001.mp4,76.83261704444885
EtriActivity3D,TANet,AOSA,AOSA,1,A002_P065_G001_C001.mp4,76.77894330024719
EtriActivity3D,TANet,AOSA,AOSA,1,A002_P096_G003_C004.mp4,76.09319615364075
EtriActivity3D,TANet,AOSA,AOSA,13,A014_P015_G003_C001.mp4,77.41900324821472
EtriActivity3D,TANet,AOSA,AOSA,14,A015_P013_G002_C008.mp4,75.44699478149414
EtriActivity3D,TANet,AOSA,AOSA,14,A015_P035_G002_C004.mp4,76.01138710975647
EtriActivity3D,TANet,AOSA,AOSA,15,A016_P021_G002_C006.mp4,76.06506586074829
EtriActivity3D,TANet,AOSA,AOSA,15,A016_P021_G003_C008.mp4,75.94126534461975
EtriActivity3D,TANet,AOSA,AOSA,16,A017_P063_G002_C002.mp4,75.345050573349
EtriActivity3D,TANet,AOSA,AOSA,16,A017_P082_G002_C003.mp4,75.08175086975098
EtriActivity3D,TANet,AOSA,AOSA,17,A018_P015_G002_C002.mp4,74.91004753112793
EtriActivity3D,TANet,AOSA,AOSA,18,A019_P015_G002_C008.mp4,74.32720685005188
EtriActivity3D,TANet,AOSA,AOSA,20,A021_P066_G004_C008.mp4,74.97786045074463
EtriActivity3D,TANet,AOSA,AOSA,22,A023_P072_G001_C007.mp4,74.20270895957947
EtriActivity3D,TANet,AOSA,AOSA,25,A026_P032_G002_C008.mp4,75.10352540016174
EtriActivity3D,TANet,AOSA,AOSA,26,A027_P004_G001_C006.mp4,75.0577712059021
EtriActivity3D,TANet,AOSA,AOSA,3,A004_P046_G003_C005.mp4,75.01551342010498
EtriActivity3D,TANet,AOSA,AOSA,31,A032_P020_G001_C004.mp4,75.6155698299408
EtriActivity3D,TANet,AOSA,AOSA,40,A041_P082_G001_C007.mp4,74.94827485084534
EtriActivity3D,TANet,AOSA,AOSA,41,A042_P020_G003_C006.mp4,75.69503664970398
EtriActivity3D,TANet,AOSA,AOSA,41,A042_P022_G003_C001.mp4,75.70962262153625
EtriActivity3D,TANet,AOSA,AOSA,42,A043_P015_G003_C002.mp4,76.05771493911743
EtriActivity3D,TANet,AOSA,AOSA,42,A043_P082_G002_C006.mp4,75.28581285476685
EtriActivity3D,TANet,AOSA,AOSA,43,A044_P016_G001_C008.mp4,74.4972734451294
EtriActivity3D,TANet,AOSA,AOSA,46,A047_P021_G002_C001.mp4,74.03583908081055
EtriActivity3D,TANet,AOSA,AOSA,46,A047_P096_G001_C004.mp4,74.08891248703003
EtriActivity3D,TANet,AOSA,AOSA,47,A048_P035_G001_C003.mp4,75.18102717399597
EtriActivity3D,TANet,AOSA,AOSA,50,A051_P082_G001_C006.mp4,74.69063949584961
EtriActivity3D,TANet,AOSA,AOSA,54,A055_P035_G001_C006.mp4,74.0208113193512
EtriActivity3D,TANet,AOSA,AOSA,7,A008_P072_G002_C002.mp4,73.79458498954773
EtriActivity3D,TANet,GradCAM,GradCAM,0,A001_P046_G002_C001.mp4,1.3979051113128662
EtriActivity3D,TANet,GradCAM,GradCAM,1,A002_P065_G001_C001.mp4,1.8968238830566406
EtriActivity3D,TANet,GradCAM,GradCAM,1,A002_P096_G003_C004.mp4,1.4696717262268066
EtriActivity3D,TANet,GradCAM,GradCAM,13,A014_P015_G003_C001.mp4,2.597994804382324
EtriActivity3D,TANet,GradCAM,GradCAM,14,A015_P013_G002_C008.mp4,1.4549839496612549
EtriActivity3D,TANet,GradCAM,GradCAM,14,A015_P035_G002_C004.mp4,2.400144577026367
EtriActivity3D,TANet,GradCAM,GradCAM,15,A016_P021_G002_C006.mp4,2.539435625076294
EtriActivity3D,TANet,GradCAM,GradCAM,15,A016_P021_G003_C008.mp4,2.552297830581665
EtriActivity3D,TANet,GradCAM,GradCAM,16,A017_P063_G002_C002.mp4,1.9618427753448486
EtriActivity3D,TANet,GradCAM,GradCAM,16,A017_P082_G002_C003.mp4,2.085763931274414
EtriActivity3D,TANet,GradCAM,GradCAM,17,A018_P015_G002_C002.mp4,1.6141705513000488
EtriActivity3D,TANet,GradCAM,GradCAM,18,A019_P015_G002_C008.mp4,1.1673953533172607
EtriActivity3D,TANet,GradCAM,GradCAM,20,A021_P066_G004_C008.mp4,1.0807812213897705
EtriActivity3D,TANet,GradCAM,GradCAM,22,A023_P072_G001_C007.mp4,2.175074338912964
EtriActivity3D,TANet,GradCAM,GradCAM,25,A026_P032_G002_C008.mp4,2.2186150550842285
EtriActivity3D,TANet,GradCAM,GradCAM,26,A027_P004_G001_C006.mp4,1.6881909370422363
EtriActivity3D,TANet,GradCAM,GradCAM,3,A004_P046_G003_C005.mp4,1.7817275524139404
EtriActivity3D,TANet,GradCAM,GradCAM,31,A032_P020_G001_C004.mp4,2.5762715339660645
EtriActivity3D,TANet,GradCAM,GradCAM,40,A041_P082_G001_C007.mp4,1.7458741664886475
EtriActivity3D,TANet,GradCAM,GradCAM,41,A042_P020_G003_C006.mp4,2.6713924407958984
EtriActivity3D,TANet,GradCAM,GradCAM,41,A042_P022_G003_C001.mp4,2.3694987297058105
EtriActivity3D,TANet,GradCAM,GradCAM,42,A043_P015_G003_C002.mp4,2.5984575748443604
EtriActivity3D,TANet,GradCAM,GradCAM,42,A043_P082_G002_C006.mp4,1.942945957183838
EtriActivity3D,TANet,GradCAM,GradCAM,43,A044_P016_G001_C008.mp4,0.8767404556274414
EtriActivity3D,TANet,GradCAM,GradCAM,46,A047_P021_G002_C001.mp4,0.7968349456787109
EtriActivity3D,TANet,GradCAM,GradCAM,46,A047_P096_G001_C004.mp4,0.8271737098693848
EtriActivity3D,TANet,GradCAM,GradCAM,47,A048_P035_G001_C003.mp4,2.010246992111206
EtriActivity3D,TANet,GradCAM,GradCAM,50,A051_P082_G001_C006.mp4,1.5089962482452393
EtriActivity3D,TANet,GradCAM,GradCAM,54,A055_P035_G001_C006.mp4,0.8366827964782715
EtriActivity3D,TANet,GradCAM,GradCAM,7,A008_P072_G002_C002.mp4,1.291280746459961
Kinetics400,TANet,3D-Kernel-SHAP-NEW,3D-Kernel-SHAP,101,--6bJUbfpnQ_000017_000027.mp4,468.4829406738281
Kinetics400,TANet,3D-Kernel-SHAP-NEW,3D-Kernel-SHAP,135,Y8BCvE5Ai1o_000002_000012.mp4,469.11945629119873
Kinetics400,TANet,3D-Kernel-SHAP-NEW,3D-Kernel-SHAP,147,Cc5R3Ey3MQw_000004_000014.mp4,472.96624422073364
Kinetics400,TANet,3D-Kernel-SHAP-NEW,3D-Kernel-SHAP,15,T6seaVGSuEY_000048_000058.mp4,469.90048837661743
Kinetics400,TANet,3D-Kernel-SHAP-NEW,3D-Kernel-SHAP,155,JYItC7ahu_s_000215_000225.mp4,474.5176057815552
Kinetics400,TANet,3D-Kernel-SHAP-NEW,3D-Kernel-SHAP,165,DJSqNV9m-2A_000019_000029.mp4,467.25116086006165
Kinetics400,TANet,3D-Kernel-SHAP-NEW,3D-Kernel-SHAP,176,6mvqsdJcazA_000018_000028.mp4,469.985631942749
Kinetics400,TANet,3D-Kernel-SHAP-NEW,3D-Kernel-SHAP,177,S5C0fUV6yEo_000003_000013.mp4,465.2472755908966
Kinetics400,TANet,3D-Kernel-SHAP-NEW,3D-Kernel-SHAP,183,OVcjZPMeDDc_000001_000011.mp4,456.76482248306274
Kinetics400,TANet,3D-Kernel-SHAP-NEW,3D-Kernel-SHAP,213,fcD17GSzCI8_000001_000011.mp4,467.88258695602417
Kinetics400,TANet,3D-Kernel-SHAP-NEW,3D-Kernel-SHAP,214,mY0Zh6IYpgA_000045_000055.mp4,467.91843128204346
Kinetics400,TANet,3D-Kernel-SHAP-NEW,3D-Kernel-SHAP,220,FOV6Yqg6B_Q_000004_000014.mp4,468.978178024292
Kinetics400,TANet,3D-Kernel-SHAP-NEW,3D-Kernel-SHAP,231,2ZP4Tcq4nq8_000020_000030.mp4,474.7637584209442
Kinetics400,TANet,3D-Kernel-SHAP-NEW,3D-Kernel-SHAP,236,2G1sRvmbza0_000000_000010.mp4,465.1027548313141
Kinetics400,TANet,3D-Kernel-SHAP-NEW,3D-Kernel-SHAP,243,E-KmvjxUsd8_000110_000120.mp4,473.57926654815674
Kinetics400,TANet,3D-Kernel-SHAP-NEW,3D-Kernel-SHAP,244,0q1c6APn11c_000043_000053.mp4,471.7176835536957
Kinetics400,TANet,3D-Kernel-SHAP-NEW,3D-Kernel-SHAP,252,vmlKvajfs_I_000191_000201.mp4,475.1193437576294
Kinetics400,TANet,3D-Kernel-SHAP-NEW,3D-Kernel-SHAP,253,LuBHCaA0bo4_000020_000030.mp4,469.7784686088562
Kinetics400,TANet,3D-Kernel-SHAP-NEW,3D-Kernel-SHAP,256,xQ5PoSoQnK0_000073_000083.mp4,470.31581020355225
Kinetics400,TANet,3D-Kernel-SHAP-NEW,3D-Kernel-SHAP,298,72vAM2L477g_000015_000025.mp4,471.16846227645874
Kinetics400,TANet,3D-Kernel-SHAP-NEW,3D-Kernel-SHAP,301,WLlSvm6yuj4_000011_000021.mp4,474.96671628952026
Kinetics400,TANet,3D-Kernel-SHAP-NEW,3D-Kernel-SHAP,32,gM4HJUB1AlA_000143_000153.mp4,473.42843103408813
Kinetics400,TANet,3D-Kernel-SHAP-NEW,3D-Kernel-SHAP,336,lZhpAQIw_X4_000000_000010.mp4,464.602867603302
Kinetics400,TANet,3D-Kernel-SHAP-NEW,3D-Kernel-SHAP,345,JtCdw8xvMF0_000020_000030.mp4,470.1501603126526
Kinetics400,TANet,3D-Kernel-SHAP-NEW,3D-Kernel-SHAP,35,Gvjdcbitk6s_000049_000059.mp4,475.0991163253784
Kinetics400,TANet,3D-Kernel-SHAP-NEW,3D-Kernel-SHAP,355,7YWrSwXh0QQ_000189_000199.mp4,468.8334970474243
Kinetics400,TANet,3D-Kernel-SHAP-NEW,3D-Kernel-SHAP,369,51Pr9xdOU7U_000121_000131.mp4,473.0491433143616
Kinetics400,TANet,3D-Kernel-SHAP-NEW,3D-Kernel-SHAP,375,y9z2_r8pwG8_000036_000046.mp4,465.214640378952
Kinetics400,TANet,3D-Kernel-SHAP-NEW,3D-Kernel-SHAP,398,d2yKqlwqiOY_000002_000012.mp4,472.66694498062134
Kinetics400,TANet,3D-Kernel-SHAP-NEW,3D-Kernel-SHAP,78,XXxIZLe0iQo_000003_000013.mp4,470.6012759208679
Kinetics400,TANet,3D-LIME-NEW,3D-LIME,101,--6bJUbfpnQ_000017_000027.mp4,441.8636894226074
Kinetics400,TANet,3D-LIME-NEW,3D-LIME,135,Y8BCvE5Ai1o_000002_000012.mp4,443.4104700088501
Kinetics400,TANet,3D-LIME-NEW,3D-LIME,147,Cc5R3Ey3MQw_000004_000014.mp4,442.3321325778961
Kinetics400,TANet,3D-LIME-NEW,3D-LIME,15,T6seaVGSuEY_000048_000058.mp4,444.34895491600037
Kinetics400,TANet,3D-LIME-NEW,3D-LIME,155,JYItC7ahu_s_000215_000225.mp4,444.2444398403168
Kinetics400,TANet,3D-LIME-NEW,3D-LIME,165,DJSqNV9m-2A_000019_000029.mp4,442.9471814632416
Kinetics400,TANet,3D-LIME-NEW,3D-LIME,176,6mvqsdJcazA_000018_000028.mp4,442.14501571655273
Kinetics400,TANet,3D-LIME-NEW,3D-LIME,177,S5C0fUV6yEo_000003_000013.mp4,440.88623118400574
Kinetics400,TANet,3D-LIME-NEW,3D-LIME,183,OVcjZPMeDDc_000001_000011.mp4,441.3448667526245
Kinetics400,TANet,3D-LIME-NEW,3D-LIME,213,fcD17GSzCI8_000001_000011.mp4,442.2347707748413
Kinetics400,TANet,3D-LIME-NEW,3D-LIME,214,mY0Zh6IYpgA_000045_000055.mp4,441.83338379859924
Kinetics400,TANet,3D-LIME-NEW,3D-LIME,220,FOV6Yqg6B_Q_000004_000014.mp4,441.48319363594055
Kinetics400,TANet,3D-LIME-NEW,3D-LIME,231,2ZP4Tcq4nq8_000020_000030.mp4,443.2024483680725
Kinetics400,TANet,3D-LIME-NEW,3D-LIME,236,2G1sRvmbza0_000000_000010.mp4,444.7145802974701
Kinetics400,TANet,3D-LIME-NEW,3D-LIME,243,E-KmvjxUsd8_000110_000120.mp4,443.42268466949463
Kinetics400,TANet,3D-LIME-NEW,3D-LIME,244,0q1c6APn11c_000043_000053.mp4,444.0147783756256
Kinetics400,TANet,3D-LIME-NEW,3D-LIME,252,vmlKvajfs_I_000191_000201.mp4,444.81675457954407
Kinetics400,TANet,3D-LIME-NEW,3D-LIME,253,LuBHCaA0bo4_000020_000030.mp4,445.1493067741394
Kinetics400,TANet,3D-LIME-NEW,3D-LIME,256,xQ5PoSoQnK0_000073_000083.mp4,445.79802441596985
Kinetics400,TANet,3D-LIME-NEW,3D-LIME,298,72vAM2L477g_000015_000025.mp4,445.0942893028259
Kinetics400,TANet,3D-LIME-NEW,3D-LIME,301,WLlSvm6yuj4_000011_000021.mp4,445.01590061187744
Kinetics400,TANet,3D-LIME-NEW,3D-LIME,32,gM4HJUB1AlA_000143_000153.mp4,444.78223395347595
Kinetics400,TANet,3D-LIME-NEW,3D-LIME,336,lZhpAQIw_X4_000000_000010.mp4,444.19978308677673
Kinetics400,TANet,3D-LIME-NEW,3D-LIME,345,JtCdw8xvMF0_000020_000030.mp4,442.682493686676
Kinetics400,TANet,3D-LIME-NEW,3D-LIME,35,Gvjdcbitk6s_000049_000059.mp4,444.66475462913513
Kinetics400,TANet,3D-LIME-NEW,3D-LIME,355,7YWrSwXh0QQ_000189_000199.mp4,443.549113035202
Kinetics400,TANet,3D-LIME-NEW,3D-LIME,369,51Pr9xdOU7U_000121_000131.mp4,444.20026111602783
Kinetics400,TANet,3D-LIME-NEW,3D-LIME,375,y9z2_r8pwG8_000036_000046.mp4,442.28296542167664
Kinetics400,TANet,3D-LIME-NEW,3D-LIME,398,d2yKqlwqiOY_000002_000012.mp4,442.81465888023376
Kinetics400,TANet,3D-LIME-NEW,3D-LIME,78,XXxIZLe0iQo_000003_000013.mp4,444.06914615631104
Kinetics400,TANet,3D-RISE-NEW,3D-RISE,101,--6bJUbfpnQ_000017_000027.mp4,440.3489146232605
Kinetics400,TANet,3D-RISE-NEW,3D-RISE,135,Y8BCvE5Ai1o_000002_000012.mp4,440.8844213485718
Kinetics400,TANet,3D-RISE-NEW,3D-RISE,147,Cc5R3Ey3MQw_000004_000014.mp4,440.0635724067688
Kinetics400,TANet,3D-RISE-NEW,3D-RISE,15,T6seaVGSuEY_000048_000058.mp4,441.11544728279114
Kinetics400,TANet,3D-RISE-NEW,3D-RISE,155,JYItC7ahu_s_000215_000225.mp4,441.329306602478
Kinetics400,TANet,3D-RISE-NEW,3D-RISE,165,DJSqNV9m-2A_000019_000029.mp4,438.4646518230438
Kinetics400,TANet,3D-RISE-NEW,3D-RISE,176,6mvqsdJcazA_000018_000028.mp4,438.5516746044159
Kinetics400,TANet,3D-RISE-NEW,3D-RISE,177,S5C0fUV6yEo_000003_000013.mp4,438.33020281791687
Kinetics400,TANet,3D-RISE-NEW,3D-RISE,183,OVcjZPMeDDc_000001_000011.mp4,438.9006371498108
Kinetics400,TANet,3D-RISE-NEW,3D-RISE,213,fcD17GSzCI8_000001_000011.mp4,438.5785779953003
Kinetics400,TANet,3D-RISE-NEW,3D-RISE,214,mY0Zh6IYpgA_000045_000055.mp4,438.7531306743622
Kinetics400,TANet,3D-RISE-NEW,3D-RISE,220,FOV6Yqg6B_Q_000004_000014.mp4,440.33313512802124
Kinetics400,TANet,3D-RISE-NEW,3D-RISE,231,2ZP4Tcq4nq8_000020_000030.mp4,442.5655870437622
Kinetics400,TANet,3D-RISE-NEW,3D-RISE,236,2G1sRvmbza0_000000_000010.mp4,442.4921314716339
Kinetics400,TANet,3D-RISE-NEW,3D-RISE,243,E-KmvjxUsd8_000110_000120.mp4,441.1861572265625
Kinetics400,TANet,3D-RISE-NEW,3D-RISE,244,0q1c6APn11c_000043_000053.mp4,442.23570346832275
Kinetics400,TANet,3D-RISE-NEW,3D-RISE,252,vmlKvajfs_I_000191_000201.mp4,443.340030670166
Kinetics400,TANet,3D-RISE-NEW,3D-RISE,253,LuBHCaA0bo4_000020_000030.mp4,442.99842596054077
Kinetics400,TANet,3D-RISE-NEW,3D-RISE,256,xQ5PoSoQnK0_000073_000083.mp4,443.4015140533447
Kinetics400,TANet,3D-RISE-NEW,3D-RISE,298,72vAM2L477g_000015_000025.mp4,442.46595287323
Kinetics400,TANet,3D-RISE-NEW,3D-RISE,301,WLlSvm6yuj4_000011_000021.mp4,442.84800910949707
Kinetics400,TANet,3D-RISE-NEW,3D-RISE,32,gM4HJUB1AlA_000143_000153.mp4,442.01870799064636
Kinetics400,TANet,3D-RISE-NEW,3D-RISE,336,lZhpAQIw_X4_000000_000010.mp4,440.4372968673706
Kinetics400,TANet,3D-RISE-NEW,3D-RISE,345,JtCdw8xvMF0_000020_000030.mp4,441.25130343437195
Kinetics400,TANet,3D-RISE-NEW,3D-RISE,35,Gvjdcbitk6s_000049_000059.mp4,441.9326651096344
Kinetics400,TANet,3D-RISE-NEW,3D-RISE,355,7YWrSwXh0QQ_000189_000199.mp4,441.20725774765015
Kinetics400,TANet,3D-RISE-NEW,3D-RISE,369,51Pr9xdOU7U_000121_000131.mp4,441.6326992511749
Kinetics400,TANet,3D-RISE-NEW,3D-RISE,375,y9z2_r8pwG8_000036_000046.mp4,440.2494578361511
Kinetics400,TANet,3D-RISE-NEW,3D-RISE,398,d2yKqlwqiOY_000002_000012.mp4,440.1854112148285
Kinetics400,TANet,3D-RISE-NEW,3D-RISE,78,XXxIZLe0iQo_000003_000013.mp4,440.31578159332275
Kinetics400,TANet,3D-Sampled-Occl-Sens-NEW,3D-Sampled-Occl-Sens,101,--6bJUbfpnQ_000017_000027.mp4,474.53248047828674
Kinetics400,TANet,3D-Sampled-Occl-Sens-NEW,3D-Sampled-Occl-Sens,135,Y8BCvE5Ai1o_000002_000012.mp4,475.6312839984894
Kinetics400,TANet,3D-Sampled-Occl-Sens-NEW,3D-Sampled-Occl-Sens,147,Cc5R3Ey3MQw_000004_000014.mp4,473.8688826560974
Kinetics400,TANet,3D-Sampled-Occl-Sens-NEW,3D-Sampled-Occl-Sens,15,T6seaVGSuEY_000048_000058.mp4,475.36723613739014
Kinetics400,TANet,3D-Sampled-Occl-Sens-NEW,3D-Sampled-Occl-Sens,155,JYItC7ahu_s_000215_000225.mp4,475.285640001297
Kinetics400,TANet,3D-Sampled-Occl-Sens-NEW,3D-Sampled-Occl-Sens,165,DJSqNV9m-2A_000019_000029.mp4,472.115558385849
Kinetics400,TANet,3D-Sampled-Occl-Sens-NEW,3D-Sampled-Occl-Sens,176,6mvqsdJcazA_000018_000028.mp4,472.3647027015686
Kinetics400,TANet,3D-Sampled-Occl-Sens-NEW,3D-Sampled-Occl-Sens,177,S5C0fUV6yEo_000003_000013.mp4,472.5165448188782
Kinetics400,TANet,3D-Sampled-Occl-Sens-NEW,3D-Sampled-Occl-Sens,183,OVcjZPMeDDc_000001_000011.mp4,472.86350655555725
Kinetics400,TANet,3D-Sampled-Occl-Sens-NEW,3D-Sampled-Occl-Sens,213,fcD17GSzCI8_000001_000011.mp4,473.98500394821167
Kinetics400,TANet,3D-Sampled-Occl-Sens-NEW,3D-Sampled-Occl-Sens,214,mY0Zh6IYpgA_000045_000055.mp4,473.0936686992645
Kinetics400,TANet,3D-Sampled-Occl-Sens-NEW,3D-Sampled-Occl-Sens,220,FOV6Yqg6B_Q_000004_000014.mp4,473.86718821525574
Kinetics400,TANet,3D-Sampled-Occl-Sens-NEW,3D-Sampled-Occl-Sens,231,2ZP4Tcq4nq8_000020_000030.mp4,475.8784725666046
Kinetics400,TANet,3D-Sampled-Occl-Sens-NEW,3D-Sampled-Occl-Sens,236,2G1sRvmbza0_000000_000010.mp4,475.5741376876831
Kinetics400,TANet,3D-Sampled-Occl-Sens-NEW,3D-Sampled-Occl-Sens,243,E-KmvjxUsd8_000110_000120.mp4,474.28014636039734
Kinetics400,TANet,3D-Sampled-Occl-Sens-NEW,3D-Sampled-Occl-Sens,244,0q1c6APn11c_000043_000053.mp4,475.29867911338806
Kinetics400,TANet,3D-Sampled-Occl-Sens-NEW,3D-Sampled-Occl-Sens,252,vmlKvajfs_I_000191_000201.mp4,476.10520219802856
Kinetics400,TANet,3D-Sampled-Occl-Sens-NEW,3D-Sampled-Occl-Sens,253,LuBHCaA0bo4_000020_000030.mp4,476.1190972328186
Kinetics400,TANet,3D-Sampled-Occl-Sens-NEW,3D-Sampled-Occl-Sens,256,xQ5PoSoQnK0_000073_000083.mp4,476.13032507896423
Kinetics400,TANet,3D-Sampled-Occl-Sens-NEW,3D-Sampled-Occl-Sens,298,72vAM2L477g_000015_000025.mp4,476.8981947898865
Kinetics400,TANet,3D-Sampled-Occl-Sens-NEW,3D-Sampled-Occl-Sens,301,WLlSvm6yuj4_000011_000021.mp4,476.71616435050964
Kinetics400,TANet,3D-Sampled-Occl-Sens-NEW,3D-Sampled-Occl-Sens,32,gM4HJUB1AlA_000143_000153.mp4,475.4686281681061
Kinetics400,TANet,3D-Sampled-Occl-Sens-NEW,3D-Sampled-Occl-Sens,336,lZhpAQIw_X4_000000_000010.mp4,475.35472106933594
Kinetics400,TANet,3D-Sampled-Occl-Sens-NEW,3D-Sampled-Occl-Sens,345,JtCdw8xvMF0_000020_000030.mp4,474.95066499710083
Kinetics400,TANet,3D-Sampled-Occl-Sens-NEW,3D-Sampled-Occl-Sens,35,Gvjdcbitk6s_000049_000059.mp4,474.98497891426086
Kinetics400,TANet,3D-Sampled-Occl-Sens-NEW,3D-Sampled-Occl-Sens,355,7YWrSwXh0QQ_000189_000199.mp4,475.10889053344727
Kinetics400,TANet,3D-Sampled-Occl-Sens-NEW,3D-Sampled-Occl-Sens,369,51Pr9xdOU7U_000121_000131.mp4,475.53157806396484
Kinetics400,TANet,3D-Sampled-Occl-Sens-NEW,3D-Sampled-Occl-Sens,375,y9z2_r8pwG8_000036_000046.mp4,474.9281086921692
Kinetics400,TANet,3D-Sampled-Occl-Sens-NEW,3D-Sampled-Occl-Sens,398,d2yKqlwqiOY_000002_000012.mp4,474.9130299091339
Kinetics400,TANet,3D-Sampled-Occl-Sens-NEW,3D-Sampled-Occl-Sens,78,XXxIZLe0iQo_000003_000013.mp4,475.2669770717621
Kinetics400,TANet,LV-LOCO-NEW,LV-LOCO,101,--6bJUbfpnQ_000017_000027.mp4,85.0028965473175
Kinetics400,TANet,LV-LOCO-NEW,LV-LOCO,135,Y8BCvE5Ai1o_000002_000012.mp4,83.07967853546143
Kinetics400,TANet,LV-LOCO-NEW,LV-LOCO,147,Cc5R3Ey3MQw_000004_000014.mp4,97.44870805740356
Kinetics400,TANet,LV-LOCO-NEW,LV-LOCO,15,T6seaVGSuEY_000048_000058.mp4,88.93467855453491
Kinetics400,TANet,LV-LOCO-NEW,LV-LOCO,155,JYItC7ahu_s_000215_000225.mp4,97.36472582817078
Kinetics400,TANet,LV-LOCO-NEW,LV-LOCO,165,DJSqNV9m-2A_000019_000029.mp4,80.65082001686096
Kinetics400,TANet,LV-LOCO-NEW,LV-LOCO,176,6mvqsdJcazA_000018_000028.mp4,90.01138544082642
Kinetics400,TANet,LV-LOCO-NEW,LV-LOCO,177,S5C0fUV6yEo_000003_000013.mp4,81.18016314506531
Kinetics400,TANet,LV-LOCO-NEW,LV-LOCO,183,OVcjZPMeDDc_000001_000011.mp4,58.53431272506714
Kinetics400,TANet,LV-LOCO-NEW,LV-LOCO,213,fcD17GSzCI8_000001_000011.mp4,87.75082039833069
Kinetics400,TANet,LV-LOCO-NEW,LV-LOCO,214,mY0Zh6IYpgA_000045_000055.mp4,85.24427247047424
Kinetics400,TANet,LV-LOCO-NEW,LV-LOCO,220,FOV6Yqg6B_Q_000004_000014.mp4,86.035649061203
Kinetics400,TANet,LV-LOCO-NEW,LV-LOCO,231,2ZP4Tcq4nq8_000020_000030.mp4,99.87967419624329
Kinetics400,TANet,LV-LOCO-NEW,LV-LOCO,236,2G1sRvmbza0_000000_000010.mp4,71.11419224739075
Kinetics400,TANet,LV-LOCO-NEW,LV-LOCO,243,E-KmvjxUsd8_000110_000120.mp4,93.988365650177
Kinetics400,TANet,LV-LOCO-NEW,LV-LOCO,244,0q1c6APn11c_000043_000053.mp4,86.56399059295654
Kinetics400,TANet,LV-LOCO-NEW,LV-LOCO,252,vmlKvajfs_I_000191_000201.mp4,96.68288159370422
Kinetics400,TANet,LV-LOCO-NEW,LV-LOCO,253,LuBHCaA0bo4_000020_000030.mp4,82.11553931236267
Kinetics400,TANet,LV-LOCO-NEW,LV-LOCO,256,xQ5PoSoQnK0_000073_000083.mp4,85.2354953289032
Kinetics400,TANet,LV-LOCO-NEW,LV-LOCO,298,72vAM2L477g_000015_000025.mp4,84.28105735778809
Kinetics400,TANet,LV-LOCO-NEW,LV-LOCO,301,WLlSvm6yuj4_000011_000021.mp4,99.23560500144958
Kinetics400,TANet,LV-LOCO-NEW,LV-LOCO,32,gM4HJUB1AlA_000143_000153.mp4,94.20485496520996
Kinetics400,TANet,LV-LOCO-NEW,LV-LOCO,336,lZhpAQIw_X4_000000_000010.mp4,72.96431040763855
Kinetics400,TANet,LV-LOCO-NEW,LV-LOCO,345,JtCdw8xvMF0_000020_000030.mp4,86.04860091209412
Kinetics400,TANet,LV-LOCO-NEW,LV-LOCO,35,Gvjdcbitk6s_000049_000059.mp4,98.66626214981079
Kinetics400,TANet,LV-LOCO-NEW,LV-LOCO,355,7YWrSwXh0QQ_000189_000199.mp4,89.98313355445862
Kinetics400,TANet,LV-LOCO-NEW,LV-LOCO,369,51Pr9xdOU7U_000121_000131.mp4,91.9361093044281
Kinetics400,TANet,LV-LOCO-NEW,LV-LOCO,375,y9z2_r8pwG8_000036_000046.mp4,76.81553101539612
Kinetics400,TANet,LV-LOCO-NEW,LV-LOCO,398,d2yKqlwqiOY_000002_000012.mp4,97.43546533584595
Kinetics400,TANet,LV-LOCO-NEW,LV-LOCO,78,XXxIZLe0iQo_000003_000013.mp4,93.44690275192261
Kinetics400,TANet,LV-Univ-Pred-NEW,LV-Univ-Pred,101,--6bJUbfpnQ_000017_000027.mp4,84.95177912712097
Kinetics400,TANet,LV-Univ-Pred-NEW,LV-Univ-Pred,135,Y8BCvE5Ai1o_000002_000012.mp4,83.01448941230774
Kinetics400,TANet,LV-Univ-Pred-NEW,LV-Univ-Pred,147,Cc5R3Ey3MQw_000004_000014.mp4,97.01175045967102
Kinetics400,TANet,LV-Univ-Pred-NEW,LV-Univ-Pred,15,T6seaVGSuEY_000048_000058.mp4,88.53828358650208
Kinetics400,TANet,LV-Univ-Pred-NEW,LV-Univ-Pred,155,JYItC7ahu_s_000215_000225.mp4,97.08244705200195
Kinetics400,TANet,LV-Univ-Pred-NEW,LV-Univ-Pred,165,DJSqNV9m-2A_000019_000029.mp4,80.35662364959717
Kinetics400,TANet,LV-Univ-Pred-NEW,LV-Univ-Pred,176,6mvqsdJcazA_000018_000028.mp4,89.37584972381592
Kinetics400,TANet,LV-Univ-Pred-NEW,LV-Univ-Pred,177,S5C0fUV6yEo_000003_000013.mp4,80.57689619064331
Kinetics400,TANet,LV-Univ-Pred-NEW,LV-Univ-Pred,183,OVcjZPMeDDc_000001_000011.mp4,58.244635581970215
Kinetics400,TANet,LV-Univ-Pred-NEW,LV-Univ-Pred,213,fcD17GSzCI8_000001_000011.mp4,87.4292562007904
Kinetics400,TANet,LV-Univ-Pred-NEW,LV-Univ-Pred,214,mY0Zh6IYpgA_000045_000055.mp4,84.77664399147034
Kinetics400,TANet,LV-Univ-Pred-NEW,LV-Univ-Pred,220,FOV6Yqg6B_Q_000004_000014.mp4,85.62693548202515
Kinetics400,TANet,LV-Univ-Pred-NEW,LV-Univ-Pred,231,2ZP4Tcq4nq8_000020_000030.mp4,100.26315307617188
Kinetics400,TANet,LV-Univ-Pred-NEW,LV-Univ-Pred,236,2G1sRvmbza0_000000_000010.mp4,71.11851835250854
Kinetics400,TANet,LV-Univ-Pred-NEW,LV-Univ-Pred,243,E-KmvjxUsd8_000110_000120.mp4,93.69913792610168
Kinetics400,TANet,LV-Univ-Pred-NEW,LV-Univ-Pred,244,0q1c6APn11c_000043_000053.mp4,87.33833360671997
Kinetics400,TANet,LV-Univ-Pred-NEW,LV-Univ-Pred,252,vmlKvajfs_I_000191_000201.mp4,96.61680340766907
Kinetics400,TANet,LV-Univ-Pred-NEW,LV-Univ-Pred,253,LuBHCaA0bo4_000020_000030.mp4,81.92555117607117
Kinetics400,TANet,LV-Univ-Pred-NEW,LV-Univ-Pred,256,xQ5PoSoQnK0_000073_000083.mp4,85.06599378585815
Kinetics400,TANet,LV-Univ-Pred-NEW,LV-Univ-Pred,298,72vAM2L477g_000015_000025.mp4,84.12194633483887
Kinetics400,TANet,LV-Univ-Pred-NEW,LV-Univ-Pred,301,WLlSvm6yuj4_000011_000021.mp4,99.18510818481445
Kinetics400,TANet,LV-Univ-Pred-NEW,LV-Univ-Pred,32,gM4HJUB1AlA_000143_000153.mp4,93.93517708778381
Kinetics400,TANet,LV-Univ-Pred-NEW,LV-Univ-Pred,336,lZhpAQIw_X4_000000_000010.mp4,72.6227810382843
Kinetics400,TANet,LV-Univ-Pred-NEW,LV-Univ-Pred,345,JtCdw8xvMF0_000020_000030.mp4,85.55153012275696
Kinetics400,TANet,LV-Univ-Pred-NEW,LV-Univ-Pred,35,Gvjdcbitk6s_000049_000059.mp4,98.27363705635071
Kinetics400,TANet,LV-Univ-Pred-NEW,LV-Univ-Pred,355,7YWrSwXh0QQ_000189_000199.mp4,89.51283383369446
Kinetics400,TANet,LV-Univ-Pred-NEW,LV-Univ-Pred,369,51Pr9xdOU7U_000121_000131.mp4,91.68714880943298
Kinetics400,TANet,LV-Univ-Pred-NEW,LV-Univ-Pred,375,y9z2_r8pwG8_000036_000046.mp4,76.57869338989258
Kinetics400,TANet,LV-Univ-Pred-NEW,LV-Univ-Pred,398,d2yKqlwqiOY_000002_000012.mp4,96.86302137374878
Kinetics400,TANet,LV-Univ-Pred-NEW,LV-Univ-Pred,78,XXxIZLe0iQo_000003_000013.mp4,93.15354251861572
Kinetics400,TANet,SaliencyTubes,SaliencyTubes,101,--6bJUbfpnQ_000017_000027.mp4,1.761826753616333
Kinetics400,TANet,SaliencyTubes,SaliencyTubes,135,Y8BCvE5Ai1o_000002_000012.mp4,2.1776671409606934
Kinetics400,TANet,SaliencyTubes,SaliencyTubes,147,Cc5R3Ey3MQw_000004_000014.mp4,1.5571823120117188
Kinetics400,TANet,SaliencyTubes,SaliencyTubes,15,T6seaVGSuEY_000048_000058.mp4,2.0968172550201416
Kinetics400,TANet,SaliencyTubes,SaliencyTubes,155,JYItC7ahu_s_000215_000225.mp4,2.2837281227111816
Kinetics400,TANet,SaliencyTubes,SaliencyTubes,165,DJSqNV9m-2A_000019_000029.mp4,2.036336660385132
Kinetics400,TANet,SaliencyTubes,SaliencyTubes,176,6mvqsdJcazA_000018_000028.mp4,2.1338987350463867
Kinetics400,TANet,SaliencyTubes,SaliencyTubes,177,S5C0fUV6yEo_000003_000013.mp4,1.9148650169372559
Kinetics400,TANet,SaliencyTubes,SaliencyTubes,183,OVcjZPMeDDc_000001_000011.mp4,2.177212715148926
Kinetics400,TANet,SaliencyTubes,SaliencyTubes,213,fcD17GSzCI8_000001_000011.mp4,2.142364501953125
Kinetics400,TANet,SaliencyTubes,SaliencyTubes,214,mY0Zh6IYpgA_000045_000055.mp4,2.1985385417938232
Kinetics400,TANet,SaliencyTubes,SaliencyTubes,220,FOV6Yqg6B_Q_000004_000014.mp4,2.343658685684204
Kinetics400,TANet,SaliencyTubes,SaliencyTubes,231,2ZP4Tcq4nq8_000020_000030.mp4,2.160205602645874
Kinetics400,TANet,SaliencyTubes,SaliencyTubes,236,2G1sRvmbza0_000000_000010.mp4,2.0158233642578125
Kinetics400,TANet,SaliencyTubes,SaliencyTubes,243,E-KmvjxUsd8_000110_000120.mp4,1.3882451057434082
Kinetics400,TANet,SaliencyTubes,SaliencyTubes,244,0q1c6APn11c_000043_000053.mp4,2.004739761352539
Kinetics400,TANet,SaliencyTubes,SaliencyTubes,252,vmlKvajfs_I_000191_000201.mp4,2.4779016971588135
Kinetics400,TANet,SaliencyTubes,SaliencyTubes,253,LuBHCaA0bo4_000020_000030.mp4,2.4471449851989746
Kinetics400,TANet,SaliencyTubes,SaliencyTubes,256,xQ5PoSoQnK0_000073_000083.mp4,2.526827573776245
Kinetics400,TANet,SaliencyTubes,SaliencyTubes,298,72vAM2L477g_000015_000025.mp4,2.5970041751861572
Kinetics400,TANet,SaliencyTubes,SaliencyTubes,301,WLlSvm6yuj4_000011_000021.mp4,2.5876712799072266
Kinetics400,TANet,SaliencyTubes,SaliencyTubes,32,gM4HJUB1AlA_000143_000153.mp4,2.6994788646698
Kinetics400,TANet,SaliencyTubes,SaliencyTubes,336,lZhpAQIw_X4_000000_000010.mp4,2.64760684967041
Kinetics400,TANet,SaliencyTubes,SaliencyTubes,345,JtCdw8xvMF0_000020_000030.mp4,1.7480592727661133
Kinetics400,TANet,SaliencyTubes,SaliencyTubes,35,Gvjdcbitk6s_000049_000059.mp4,2.191793203353882
Kinetics400,TANet,SaliencyTubes,SaliencyTubes,355,7YWrSwXh0QQ_000189_000199.mp4,1.9319779872894287
Kinetics400,TANet,SaliencyTubes,SaliencyTubes,369,51Pr9xdOU7U_000121_000131.mp4,2.274949550628662
Kinetics400,TANet,SaliencyTubes,SaliencyTubes,375,y9z2_r8pwG8_000036_000046.mp4,2.3256053924560547
Kinetics400,TANet,SaliencyTubes,SaliencyTubes,398,d2yKqlwqiOY_000002_000012.mp4,2.103506565093994
Kinetics400,TANet,SaliencyTubes,SaliencyTubes,78,XXxIZLe0iQo_000003_000013.mp4,2.3842289447784424
Kinetics400,TANet,AOSA,AOSA,101,--6bJUbfpnQ_000017_000027.mp4,64.67442750930786
Kinetics400,TANet,AOSA,AOSA,135,Y8BCvE5Ai1o_000002_000012.mp4,76.05148339271545
Kinetics400,TANet,AOSA,AOSA,147,Cc5R3Ey3MQw_000004_000014.mp4,75.68763470649719
Kinetics400,TANet,AOSA,AOSA,15,T6seaVGSuEY_000048_000058.mp4,75.84678888320923
Kinetics400,TANet,AOSA,AOSA,155,JYItC7ahu_s_000215_000225.mp4,76.24338006973267
Kinetics400,TANet,AOSA,AOSA,165,DJSqNV9m-2A_000019_000029.mp4,76.25493693351746
Kinetics400,TANet,AOSA,AOSA,176,6mvqsdJcazA_000018_000028.mp4,65.33455014228821
Kinetics400,TANet,AOSA,AOSA,177,S5C0fUV6yEo_000003_000013.mp4,76.19436573982239
Kinetics400,TANet,AOSA,AOSA,183,OVcjZPMeDDc_000001_000011.mp4,75.57939434051514
Kinetics400,TANet,AOSA,AOSA,213,fcD17GSzCI8_000001_000011.mp4,75.71674084663391
Kinetics400,TANet,AOSA,AOSA,214,mY0Zh6IYpgA_000045_000055.mp4,75.62370586395264
Kinetics400,TANet,AOSA,AOSA,220,FOV6Yqg6B_Q_000004_000014.mp4,75.72900986671448
Kinetics400,TANet,AOSA,AOSA,231,2ZP4Tcq4nq8_000020_000030.mp4,75.728848695755
Kinetics400,TANet,AOSA,AOSA,236,2G1sRvmbza0_000000_000010.mp4,75.2033040523529
Kinetics400,TANet,AOSA,AOSA,243,E-KmvjxUsd8_000110_000120.mp4,75.02671313285828
Kinetics400,TANet,AOSA,AOSA,244,0q1c6APn11c_000043_000053.mp4,75.40311360359192
Kinetics400,TANet,AOSA,AOSA,252,vmlKvajfs_I_000191_000201.mp4,76.12375259399414
Kinetics400,TANet,AOSA,AOSA,253,LuBHCaA0bo4_000020_000030.mp4,76.37703609466553
Kinetics400,TANet,AOSA,AOSA,256,xQ5PoSoQnK0_000073_000083.mp4,76.34961128234863
Kinetics400,TANet,AOSA,AOSA,298,72vAM2L477g_000015_000025.mp4,76.34706425666809
Kinetics400,TANet,AOSA,AOSA,301,WLlSvm6yuj4_000011_000021.mp4,76.64988446235657
Kinetics400,TANet,AOSA,AOSA,32,gM4HJUB1AlA_000143_000153.mp4,76.45426297187805
Kinetics400,TANet,AOSA,AOSA,336,lZhpAQIw_X4_000000_000010.mp4,76.4439115524292
Kinetics400,TANet,AOSA,AOSA,345,JtCdw8xvMF0_000020_000030.mp4,75.6287727355957
Kinetics400,TANet,AOSA,AOSA,35,Gvjdcbitk6s_000049_000059.mp4,75.82405424118042
Kinetics400,TANet,AOSA,AOSA,355,7YWrSwXh0QQ_000189_000199.mp4,75.88186359405518
Kinetics400,TANet,AOSA,AOSA,369,51Pr9xdOU7U_000121_000131.mp4,75.59500765800476
Kinetics400,TANet,AOSA,AOSA,375,y9z2_r8pwG8_000036_000046.mp4,75.87647294998169
Kinetics400,TANet,AOSA,AOSA,398,d2yKqlwqiOY_000002_000012.mp4,76.07000803947449
Kinetics400,TANet,AOSA,AOSA,78,XXxIZLe0iQo_000003_000013.mp4,75.76998162269592
Kinetics400,TANet,GradCAM,GradCAM,101,--6bJUbfpnQ_000017_000027.mp4,1.761826753616333
Kinetics400,TANet,GradCAM,GradCAM,135,Y8BCvE5Ai1o_000002_000012.mp4,2.1776671409606934
Kinetics400,TANet,GradCAM,GradCAM,147,Cc5R3Ey3MQw_000004_000014.mp4,1.5571823120117188
Kinetics400,TANet,GradCAM,GradCAM,15,T6seaVGSuEY_000048_000058.mp4,2.0968172550201416
Kinetics400,TANet,GradCAM,GradCAM,155,JYItC7ahu_s_000215_000225.mp4,2.2837281227111816
Kinetics400,TANet,GradCAM,GradCAM,165,DJSqNV9m-2A_000019_000029.mp4,2.036336660385132
Kinetics400,TANet,GradCAM,GradCAM,176,6mvqsdJcazA_000018_000028.mp4,2.1338987350463867
Kinetics400,TANet,GradCAM,GradCAM,177,S5C0fUV6yEo_000003_000013.mp4,1.9148650169372559
Kinetics400,TANet,GradCAM,GradCAM,183,OVcjZPMeDDc_000001_000011.mp4,2.177212715148926
Kinetics400,TANet,GradCAM,GradCAM,213,fcD17GSzCI8_000001_000011.mp4,2.142364501953125
Kinetics400,TANet,GradCAM,GradCAM,214,mY0Zh6IYpgA_000045_000055.mp4,2.1985385417938232
Kinetics400,TANet,GradCAM,GradCAM,220,FOV6Yqg6B_Q_000004_000014.mp4,2.343658685684204
Kinetics400,TANet,GradCAM,GradCAM,231,2ZP4Tcq4nq8_000020_000030.mp4,2.160205602645874
Kinetics400,TANet,GradCAM,GradCAM,236,2G1sRvmbza0_000000_000010.mp4,2.0158233642578125
Kinetics400,TANet,GradCAM,GradCAM,243,E-KmvjxUsd8_000110_000120.mp4,1.3882451057434082
Kinetics400,TANet,GradCAM,GradCAM,244,0q1c6APn11c_000043_000053.mp4,2.004739761352539
Kinetics400,TANet,GradCAM,GradCAM,252,vmlKvajfs_I_000191_000201.mp4,2.4779016971588135
Kinetics400,TANet,GradCAM,GradCAM,253,LuBHCaA0bo4_000020_000030.mp4,2.4471449851989746
Kinetics400,TANet,GradCAM,GradCAM,256,xQ5PoSoQnK0_000073_000083.mp4,2.526827573776245
Kinetics400,TANet,GradCAM,GradCAM,298,72vAM2L477g_000015_000025.mp4,2.5970041751861572
Kinetics400,TANet,GradCAM,GradCAM,301,WLlSvm6yuj4_000011_000021.mp4,2.5876712799072266
Kinetics400,TANet,GradCAM,GradCAM,32,gM4HJUB1AlA_000143_000153.mp4,2.6994788646698
Kinetics400,TANet,GradCAM,GradCAM,336,lZhpAQIw_X4_000000_000010.mp4,2.64760684967041
Kinetics400,TANet,GradCAM,GradCAM,345,JtCdw8xvMF0_000020_000030.mp4,1.7480592727661133
Kinetics400,TANet,GradCAM,GradCAM,35,Gvjdcbitk6s_000049_000059.mp4,2.191793203353882
Kinetics400,TANet,GradCAM,GradCAM,355,7YWrSwXh0QQ_000189_000199.mp4,1.9319779872894287
Kinetics400,TANet,GradCAM,GradCAM,369,51Pr9xdOU7U_000121_000131.mp4,2.274949550628662
Kinetics400,TANet,GradCAM,GradCAM,375,y9z2_r8pwG8_000036_000046.mp4,2.3256053924560547
Kinetics400,TANet,GradCAM,GradCAM,398,d2yKqlwqiOY_000002_000012.mp4,2.103506565093994
Kinetics400,TANet,GradCAM,GradCAM,78,XXxIZLe0iQo_000003_000013.mp4,2.3842289447784424
